{"cameraMode":{"drawMode":0,"name":"Shaded","section":"Shading Mode"},"sceneLighting":true,"audioPlay":false,"sceneViewState":{"showFog":true,"showMaterialUpdate":false,"showSkybox":true,"showFlares":true,"showImageEffects":true,"showParticleSystems":true},"in2DMode":false,"pivot":{"x":482.2881164550781,"y":268.5423278808594,"z":0.849456787109375},"rotation":{"x":0.05226189270615578,"y":0.14033322036266328,"z":-0.007417431101202965,"w":0.9886974692344666},"size":71.56468963623047,"orthographic":false}