{"cameraMode":{"drawMode":0,"name":"Shaded","section":"Shading Mode"},"sceneLighting":false,"audioPlay":false,"sceneViewState":{"showFog":true,"showMaterialUpdate":false,"showSkybox":true,"showFlares":true,"showImageEffects":true,"showParticleSystems":true},"in2DMode":false,"pivot":{"x":6.902671813964844,"y":-2.815781593322754,"z":-11.392459869384766},"rotation":{"x":0.03527956083416939,"y":0.9612539410591126,"z":-0.14706014096736909,"w":0.2306411862373352},"size":10.0,"orthographic":false}