{"cameraMode":{"drawMode":0,"name":"Shaded","section":"Shading Mode"},"sceneLighting":true,"audioPlay":false,"sceneViewState":{"showFog":true,"showMaterialUpdate":false,"showSkybox":true,"showFlares":true,"showImageEffects":true,"showParticleSystems":true},"in2DMode":false,"pivot":{"x":-15.311761856079102,"y":-2.053295373916626,"z":9.025665283203125},"rotation":{"x":-0.07033783197402954,"y":0.49852657318115237,"z":-0.04061723127961159,"w":-0.8631067872047424},"size":10.0,"orthographic":false}