{"cameraMode":{"drawMode":0,"name":"Shaded","section":"Shading Mode"},"sceneLighting":true,"audioPlay":false,"sceneViewState":{"showFog":true,"showMaterialUpdate":false,"showSkybox":true,"showFlares":true,"showImageEffects":true,"showParticleSystems":true},"in2DMode":false,"pivot":{"x":0.2500513792037964,"y":0.9440160989761353,"z":0.9637782573699951},"rotation":{"x":-0.23946133255958558,"y":0.002036085817962885,"z":-0.0005007522995583713,"w":-0.9709121584892273},"size":1.3124135732650757,"orthographic":false}